{"cameraMode":{"drawMode":0,"name":"Shaded","section":"Shading Mode"},"sceneLighting":false,"audioPlay":false,"sceneViewState":{"m_AlwaysRefresh":false,"showFog":true,"showSkybox":false,"showFlares":true,"showImageEffects":true,"showParticleSystems":true,"showVisualEffectGraphs":true,"m_FxEnabled":true},"in2DMode":false,"pivot":{"x":-549.2106323242188,"y":2.0872740745544435,"z":10448.3017578125},"rotation":{"x":0.058606065809726718,"y":-0.6399658918380737,"z":0.049052804708480838,"w":0.7645950317382813},"size":3.3853445053100588,"orthographic":true}