{"cameraMode":{"drawMode":0,"name":"Shaded","section":"Shading Mode"},"sceneLighting":false,"audioPlay":false,"sceneViewState":{"m_AlwaysRefresh":false,"showFog":true,"showSkybox":false,"showFlares":true,"showImageEffects":true,"showParticleSystems":true,"showVisualEffectGraphs":true,"m_FxEnabled":true},"in2DMode":false,"pivot":{"x":-548.9396362304688,"y":2.5579259395599367,"z":10448.9599609375},"rotation":{"x":0.09435885399580002,"y":0.003585913684219122,"z":-0.00033981073647737503,"w":0.9955319762229919},"size":4.252610683441162,"orthographic":true}