{"cameraMode":{"drawMode":0,"name":"Shaded","section":"Shading Mode"},"sceneLighting":false,"audioPlay":false,"sceneViewState":{"m_AlwaysRefresh":false,"showFog":true,"showSkybox":false,"showFlares":true,"showImageEffects":true,"showParticleSystems":true,"showVisualEffectGraphs":true,"m_FxEnabled":true},"in2DMode":false,"pivot":{"x":-548.9396362304688,"y":2.5579259395599367,"z":10448.9599609375},"rotation":{"x":-0.004204086028039455,"y":-0.7134307622909546,"z":-0.004280908964574337,"w":0.7007035613059998},"size":3.5777909755706789,"orthographic":true}